{"version":10,"project":{"id":"27972f2c-5599-40cc-825f-f32f7159e3e1","title":"BitCoin Tower","description":"A beacon of wealth and value. ","thumbnail":"https://builder-api.decentraland.org/v1/projects/27972f2c-5599-40cc-825f-f32f7159e3e1/media/thumbnail.png","isPublic":true,"sceneId":"c050ce30-e2fd-49cc-917f-225c06c42b51","ethAddress":"0xAd02811E0c9c40102E4eF21Ac47E6330a4b464B1","layout":{"rows":1,"cols":1},"createdAt":"2021-03-03T03:45:20.504Z","updatedAt":"2021-03-03T07:35:21.841Z"},"scene":{"id":"c050ce30-e2fd-49cc-917f-225c06c42b51","entities":{"40d58705-c2d4-4fac-98cb-30542dd78c91":{"id":"40d58705-c2d4-4fac-98cb-30542dd78c91","components":["18f67a9d-8c4e-45ce-a1da-8107b8e60176","f6d2416e-9a43-4599-9458-96a279cd8981"],"disableGizmos":true,"name":"entity"},"3a7594b3-2213-4d1e-baee-9a67bd61f282":{"id":"3a7594b3-2213-4d1e-baee-9a67bd61f282","components":["08d25554-f086-42fd-ac20-828f3742e143","2eed65a6-092f-485b-a4cf-b59358b7ab1c"],"name":"finalBitCoinTower"}},"components":{"18f67a9d-8c4e-45ce-a1da-8107b8e60176":{"id":"18f67a9d-8c4e-45ce-a1da-8107b8e60176","type":"GLTFShape","data":{"assetId":"da1fed3c954172146414a66adfa134f7a5e1cb49c902713481bf2fe94180c2cf"}},"f6d2416e-9a43-4599-9458-96a279cd8981":{"id":"f6d2416e-9a43-4599-9458-96a279cd8981","type":"Transform","data":{"position":{"x":8,"y":0,"z":8},"rotation":{"x":0,"y":0,"z":0,"w":1},"scale":{"x":1,"y":1,"z":1}}},"2eed65a6-092f-485b-a4cf-b59358b7ab1c":{"id":"2eed65a6-092f-485b-a4cf-b59358b7ab1c","type":"GLTFShape","data":{"assetId":"7664bc7e63dde6caac265f6135db6dd3ef9b0da976073fe5bf21a5feb98a182f"}},"08d25554-f086-42fd-ac20-828f3742e143":{"id":"08d25554-f086-42fd-ac20-828f3742e143","type":"Transform","data":{"position":{"x":8,"y":0,"z":8},"rotation":{"x":0,"y":0,"z":0,"w":1},"scale":{"x":1,"y":1,"z":1}}}},"assets":{"da1fed3c954172146414a66adfa134f7a5e1cb49c902713481bf2fe94180c2cf":{"id":"da1fed3c954172146414a66adfa134f7a5e1cb49c902713481bf2fe94180c2cf","assetPackId":"e6fa9601-3e47-4dff-9a84-e8e017add15a","name":"Bermuda Grass","model":"FloorBaseGrass_01/FloorBaseGrass_01.glb","script":null,"thumbnail":"https://builder-api.decentraland.org/v1/storage/contents/QmexuPHcbEtQCR11dPXxKZmRjGuY4iTooPJYfST7hW71DE","tags":["genesis","city","town","ground"],"category":"ground","contents":{"FloorBaseGrass_01/FloorBaseGrass_01.glb":"QmSyvWnb5nKCaGHw9oHLSkwywvS5NYpj6vgb8L121kWveS","FloorBaseGrass_01/Floor_Grass01.png.png":"QmT1WfQPMBVhgwyxV5SfcfWivZ6hqMCT74nxdKXwyZBiXb","FloorBaseGrass_01/thumbnail.png":"QmexuPHcbEtQCR11dPXxKZmRjGuY4iTooPJYfST7hW71DE"},"metrics":{"meshes":0,"bodies":0,"materials":0,"textures":0,"triangles":0,"entities":0},"parameters":[],"actions":[]},"7664bc7e63dde6caac265f6135db6dd3ef9b0da976073fe5bf21a5feb98a182f":{"id":"7664bc7e63dde6caac265f6135db6dd3ef9b0da976073fe5bf21a5feb98a182f","assetPackId":"925c3cfb-9e40-4d72-b8e2-1cec3a80b058","name":"Final BitCoin Tower","model":"210303 - hexagon watch tower - test 6.glb","script":null,"thumbnail":"https://builder-api.decentraland.org/v1/storage/contents/QmTedNfZsKzCmpoBCahvo5K6fuTiY6EjuA5ppyrm2D7jU9","tags":[],"category":"decorations","contents":{"210303 - hexagon watch tower - test 6.glb":"QmU6z1WkDaeYB489J6w3qkuFnEUUWdUD63tXS4mHWcDy7J"},"metrics":{"triangles":4755,"materials":11,"textures":0,"meshes":8,"bodies":11,"entities":1},"parameters":[],"actions":[]}},"metrics":{"triangles":4787,"materials":3,"meshes":12,"bodies":12,"entities":2,"textures":0},"limits":{"triangles":10000,"materials":20,"meshes":200,"bodies":300,"entities":200,"textures":10},"ground":{"assetId":"da1fed3c954172146414a66adfa134f7a5e1cb49c902713481bf2fe94180c2cf","componentId":"18f67a9d-8c4e-45ce-a1da-8107b8e60176"}}}